11197890,## Findings: 

The chest radiograph demonstrates no evidence of acute cardiopulmonary disease



11500818,## Findings:

No acute findings are identified on this chest radiograph.

11924226,Cannot exclude atelectasis



12085050,Cannot exclude a fracture



12386201,Findings: Probable atelectasis, possible lung opacity, possible edema

 

13947388,## FINDINGS

The chest radiograph demonstrates no evidence of acute cardiopulmonary pathology



15452636,## FINDINGS:

The chest radiograph demonstrates no evidence of acute cardiopulmonary disease



16306599,Cannot exclude atelectasis



16865871,Probable lung opacity

Possible edema

Cannot exclude atelectasis

Possible pleural effusion



16957065,## Findings:

The chest radiograph demonstrates no evidence of acute cardiopulmonary abnormalities

 

17561996,## Findings:

The chest radiograph demonstrates no evidence of acute cardiopulmonary pathology



18038196,## Findings: 

No acute findings are identified on this chest X-ray



19079797,Possible edema



